total_award_score_rolling_3,weighted_score_rolling_3,post_weighted_score_rolling_3
0.0,0.0,0.0
5.0,6760.25,0.0
7.0,10503.95,1624.1999999999998
27.0,10007.100000000002,2270.05
35.0,9765.5,659.0500000000001
20.0,9965.7,1230.5500000000002
20.0,10135.35,673.4000000000001
10.0,9278.050000000001,0.0
5.0,9914.050000000001,466.75
12.0,10948.0,1073.05
18.0,9165.75,1896.55
0.0,8289.85,503.25
29.0,10409.350000000002,804.05
5.0,10262.35,189.95
