total_award_score_rolling_3,weighted_score_rolling_3,post_weighted_score_rolling_3
0.0,9250.05,350.25
5.0,9790.95,1136.65
13.0,9792.2,1089.1
29.0,9287.550000000001,598.05
10.0,9577.1,277.45000000000005
73.0,10228.3,1801.6000000000001
0.0,8100.55,364.80000000000007
0.0,9422.25,1236.55
5.0,9305.35,0.0
0.0,9640.850000000002,1120.15
0.0,9573.05,506.4
18.0,9797.95,959.9000000000001
5.0,9584.6,766.25
